sheet,excel_row,item_id,legacy_id,result,detail
RECEIVE,50,GEL00060,093cfa142,IMPORTED_WITH_WARNING,machine unmatched
RECEIVE,52,GEL00062,093cfa144,IMPORTED_WITH_WARNING,machine unmatched
RECEIVE,55,GEL00066,093cfa148,IMPORTED_WITH_WARNING,machine unmatched
RECEIVE,469,GFT00017,093cfa934,SKIPPED_MISSING_PART,part not found in current Part master
RECEIVE,472,GFT00020,093cfa937,SKIPPED_MISSING_PART,part not found in current Part master
RECEIVE,790,GGC00033,093cfa1256,SKIPPED_ZERO_AMOUNT,AMOUNT=0
RECEIVE,791,GGC00034,093cfa1257,SKIPPED_ZERO_AMOUNT,AMOUNT=0
RECEIVE,792,GGC00035,093cfa1258,SKIPPED_ZERO_AMOUNT,AMOUNT=0
RECEIVE,793,GGC00036,093cfa1259,SKIPPED_ZERO_AMOUNT,AMOUNT=0
RECEIVE,794,GGC00037,093cfa1260,SKIPPED_ZERO_AMOUNT,AMOUNT=0
RECEIVE,795,GGC00038,093cfa1261,SKIPPED_ZERO_AMOUNT,AMOUNT=0
RECEIVE,796,GGC00039,093cfa1262,SKIPPED_ZERO_AMOUNT,AMOUNT=0
RECEIVE,797,GGC00040,093cfa1263,SKIPPED_ZERO_AMOUNT,AMOUNT=0
RECEIVE,798,GGC00042,093cfa1264,SKIPPED_ZERO_AMOUNT,AMOUNT=0
RECEIVE,799,GGC00043,093cfa1265,SKIPPED_ZERO_AMOUNT,AMOUNT=0
RECEIVE,1198,GPG00010,093cfa1667,IMPORTED_WITH_WARNING,machine unmatched
RECEIVE,1870,GBR00177,093cfa2342,SKIPPED_MISSING_PART,part not found in current Part master
RECEIVE,1871,GBR00177,093cfa2343,SKIPPED_MISSING_PART,part not found in current Part master
RECEIVE,1872,GBR00177,093cfa2344,SKIPPED_MISSING_PART,part not found in current Part master
RECEIVE,1986,GEL00065,ded560f7,IMPORTED_WITH_WARNING,machine unmatched
RECEIVE,1987,G3D00008,b32c6a5b,IMPORTED_WITH_WARNING,machine unmatched
RECEIVE,1988,G3D00009,aa182192,IMPORTED_WITH_WARNING,machine unmatched
RECEIVE,1989,G3D00010,4f80f6ab,IMPORTED_WITH_WARNING,machine unmatched
RECEIVE,1990,G3D00011,db9723e4,IMPORTED_WITH_WARNING,machine unmatched
RECEIVE,1991,GEL00056,9550f7e3,IMPORTED_WITH_WARNING,machine unmatched
RECEIVE,1992,GEL00057,4ab5e22a,IMPORTED_WITH_WARNING,machine unmatched
RECEIVE,1993,GEL00052,d8d0e48a,IMPORTED_WITH_WARNING,machine unmatched
RECEIVE,1994,GEL00001,3f23bdf2,IMPORTED_WITH_WARNING,machine unmatched
RECEIVE,1995,GEL00002,4d2d9b92,IMPORTED_WITH_WARNING,machine unmatched
RECEIVE,1996,GEL00004,90cd0e15,IMPORTED_WITH_WARNING,machine unmatched
RECEIVE,1997,GEL00005,c269f3d5,IMPORTED_WITH_WARNING,machine unmatched
RECEIVE,1998,GEL00006,688599f8,IMPORTED_WITH_WARNING,machine unmatched
RECEIVE,1999,GEL00009,b332b6ff,IMPORTED_WITH_WARNING,machine unmatched
RECEIVE,2000,GEL00015,26d9daf8,IMPORTED_WITH_WARNING,machine unmatched
RECEIVE,2001,GEL00024,bc6c627e,IMPORTED_WITH_WARNING,machine unmatched
RECEIVE,2002,GEL00041,ca6d58b8,IMPORTED_WITH_WARNING,machine unmatched
RECEIVE,2003,GEL00042,dab61a53,IMPORTED_WITH_WARNING,machine unmatched
RECEIVE,2004,GEL00043,47479b50,IMPORTED_WITH_WARNING,machine unmatched
RECEIVE,2005,GEL00052,218012b2,IMPORTED_WITH_WARNING,machine unmatched
RECEIVE,2006,GEL00053,d87592d9,IMPORTED_WITH_WARNING,machine unmatched
RECEIVE,2007,GEL00054,e6f33601,IMPORTED_WITH_WARNING,machine unmatched
RECEIVE,2008,GEL00058,e6f33602,IMPORTED_WITH_WARNING,machine unmatched
RECEIVE,2308,GPLUG00003-A,ec9524e1,IMPORTED_WITH_WARNING,machine unmatched
RECEIVE,2324,GBK00035,aecfbfff,IMPORTED_WITH_WARNING,machine unmatched
RECEIVE,2325,GLA00039,bd3cef2e,IMPORTED_WITH_WARNING,machine unmatched
RECEIVE,2327,GB00064,f08564fd,IMPORTED_WITH_WARNING,machine unmatched
RECEIVE,2328,GCVT00009,907576a5,IMPORTED_WITH_WARNING,machine unmatched
RECEIVE,2329,GSLN00028,0656b684,IMPORTED_WITH_WARNING,machine unmatched
RECEIVE,2330,GMNP00004,8bb819b3,IMPORTED_WITH_WARNING,machine unmatched
RECEIVE,2331,GHC00006,13b3cac0,IMPORTED_WITH_WARNING,machine unmatched
RECEIVE,2332,GSR00079,c7da8c39,IMPORTED_WITH_WARNING,machine unmatched
RECEIVE,2333,GSR00078,df5161b3,IMPORTED_WITH_WARNING,machine unmatched
RECEIVE,2334,GFTT00185,a293e02f,IMPORTED_WITH_WARNING,machine unmatched
RECEIVE,2335,GB00064,c2e3aff9,IMPORTED_WITH_WARNING,machine unmatched
RECEIVE,2336,GB00018,e4b975d8,IMPORTED_WITH_WARNING,machine unmatched
RECEIVE,2337,GB00020,98415633,IMPORTED_WITH_WARNING,machine unmatched
WITHDRAW,32,GEL00055,1e41c586,IMPORTED_WITH_WARNING,employee unmatched
WITHDRAW,35,GFTT00062,f901f7ec,IMPORTED_WITH_WARNING,machine unmatched
WITHDRAW,36,GFTT00093,2f2e3d85,IMPORTED_WITH_WARNING,machine unmatched
WITHDRAW,37,GSW00026,c5ca80b5,IMPORTED_WITH_WARNING,employee unmatched
WITHDRAW,44,GBK00005,52f07c90,IMPORTED_WITH_WARNING,employee unmatched
WITHDRAW,47,GFTT00094,a5b7d855,IMPORTED_WITH_WARNING,employee unmatched
WITHDRAW,50,GPLUG00001,291ffd1a,IMPORTED_WITH_WARNING,machine unmatched; employee unmatched
WITHDRAW,53,GMNP00013,ba4b1416,IMPORTED_WITH_WARNING,machine unmatched
WITHDRAW,60,GPLUG00001,0f008eaa,IMPORTED_WITH_WARNING,employee unmatched
WITHDRAW,61,GPLUG00002,aa9a9377,IMPORTED_WITH_WARNING,employee unmatched
WITHDRAW,62,GPLUG00003-A,a8010755,IMPORTED_WITH_WARNING,employee unmatched
WITHDRAW,63,GPLUG00004,9c3c2b39,IMPORTED_WITH_WARNING,employee unmatched
WITHDRAW,107,GLA00016,2dffb1d6,IMPORTED_WITH_WARNING,employee unmatched
WITHDRAW,108,GLA00039,1a1caa37,IMPORTED_WITH_WARNING,employee unmatched
WITHDRAW,109,NCABLE00010,bcb9cbd4,SKIPPED_ZERO_AMOUNT,AMOUNT=0
WITHDRAW,129,GFTT00077,ed0dd016,IMPORTED_WITH_WARNING,employee unmatched
WITHDRAW,130,GFTT00078,aa2565df,IMPORTED_WITH_WARNING,employee unmatched
WITHDRAW,156,GLA00022,8af1b7b7,IMPORTED_WITH_WARNING,machine unmatched
WITHDRAW,200,GB00063,39a3738b,IMPORTED_WITH_WARNING,machine unmatched
WITHDRAW,218,GFTT00116,bce23dea,IMPORTED_WITH_WARNING,machine unmatched
