machine_code,occurrences,part_count,example_parts
BSM-10,45,45,"GBK00054, GBR00023, GBR00045, GBR00077, GBR00094, GBR00098, GBR00100, GBR00103, GBR00104, GBR00107, GBR00126, GBR00168, GBR00271, GBT00030, GCOUP00012, GCTTM00001, GFTT00064, GFTT00082, GFTT00085, GFTT00086"
CPT-02,43,43,"GA00011, GAFT00029, GBR00023, GBR00111, GBR00227, GBR00254, GBR00255, GBR00286, GBR00291, GCNT00002, GCNT00004, GCNT00020, GCTTM00004, GFMT00007, GFTT00166, GGC00023, GMNT00013, GMNT00031, GMNT00036, GOVL00006"
CGM-08,41,41,"GBR00020, GBR00030, GBR00035, GBR00051, GBR00069, GBR00075, GBR00090, GBR00119, GBR00177_C, GBT00019, GBT00116, GBT00141, GCTTM00007, GCTTM00024, GFTT00014, GFTT00055, GFTT00067, GFTT00156, GHC00004, GMT00005"
BFD-11,37,37,"GA00009, GA00010, GA00011, GA00012, GB00018, GB00028, GBR00007, GBR00087, GBR00090, GBR00273, GBS00008, GBT00045, GBT00046, GCHUCK00008, GCNT00023, GFT00010, GJON00059, GMNT00001, GMNT00003, GMNT00014"
CGM-04,37,37,"GBK00017, GBR00020, GBR00046, GBR00051, GBR00061, GBR00082, GBR00087, GBR00091, GBR00119, GBR00153, GBR00175, GBR00196, GBR00218, GBR00219, GBR00284, GBT00027, GBT00051, GBT00127, GCNT00004, GCNT00020"
BSM-02,37,37,"GBR00045, GBR00054, GBR00077, GBR00094, GBR00100, GBR00103, GBR00104, GBR00107, GBR00109, GBR00126, GBR00168, GBR00201, GBT00030, GBT00094, GCNT00003, GCTTM00033, GFTT00014, GFTT00027, GFTT00038, GFTT00051"
SPG-08,35,35,"GAFT00008, GBR00059, GBR00083, GBR00192, GBT00077, GCNT00020, GCTTM00016, GDWG00027, GDWG00028, GDWG00030, GDWG00033, GDWG00034, GFT00010, GFTT00170, GHC00002, GHC00005, GHC00006, GMNT00028, GMT00006, GMT00057"
BSM-09,33,33,"GA00007, GAFT00018, GBOX00004, GBR00045, GBR00077, GBR00094, GBR00100, GBR00103, GBR00104, GBR00105, GBR00126, GBR00168, GBR00271, GCNT00002, GCNT00020, GCNT00026, GCTTM00003, GCVT00017, GFTT00052, GFTT00064"
BFD-21,32,32,"GA00009, GA00012, GB00010, GB00018, GBR00018, GBR00090, GBR00091, GBR00173, GBR00193, GBR00246, GBS00010, GBS00036, GBT00048, GBT00057, GCHUCK00009, GCNT00023, GCTTM00040, GFMT00007, GFMT00027, GFTT00087"
MPA-01,30,30,"GAFT00020, GAFT00023, GB00001, GB00014, GBR00233, GBR00248, GBS00024, GBS00032, GBT00035, GBT00070, GFMT00019, GFMT00024, GFT00004, GFTT00055, GOR00089, GOR00090, GOR00116, GOR00169, GOVL00012, GPP00036"
BSM-01,30,30,"GBR00023, GBR00045, GBR00075, GBR00077, GBR00094, GBR00100, GBR00103, GBR00104, GBR00126, GBR00127, GBR00168, GBR00234, GBT00030, GCTTM00001, GFT00015, GFTT00064, GFTT00182, GLA00022, GMNT00006, GMNT00015"
SPG-05,30,30,"GBR00011, GBR00014, GBR00039, GBR00082, GBR00091, GBR00174, GBR00175, GBS00018, GBT00009, GBT00042, GBT00051, GBT00118, GBTR00003, GCHUCK00002, GCTTM00014, GCTTM00015, GDWG00027, GDWG00028, GDWG00030, GDWG00033"
BFD-22,29,29,"GA00009, GA00012, GAFT00028, GB00018, GB00028, GBR00061, GBS00009, GBT00046, GCTTM00001, GCTTM00005, GFMT00005, GFTT00078, GFTT00172, GFTT00174, GJON00059, GMNT00014, GMNT00022, GOVL00025, GOVL00026, GPS00007"
BRM-01,29,29,"GAFT00028, GBR00153, GBR00250, GCNT00026, GDWG00019, GDWG00020, GDWG00021, GDWG00022, GDWG00035, GDWG00036, GDWG00037, GDWG00038, GFTT00051, GFTT00073, GFTT00111, GFTT00134, GFTT00147, GFTT00155, GFTT00156, GFTT00172"
IGM-01,28,28,"GBR00006, GBR00153, GBT00080, GCNT00021, GFTT00032, GFTT00044, GFTT00052, GFTT00074, GFTT00075, GFTT00078, GFTT00095, GFTT00100, GFTT00112, GFTT00116, GMNT00001, GMP00004, GMP00008, GMT00032, GOR00096, GOR00128"
BFD-20,28,28,"GA00009, GA00011, GB00067, GBR00087, GBT00045, GBT00046, GBT00073, GCHUCK00008, GCTTM00003, GFMT00004, GMNT00001, GMNT00003, GMNT00005, GMNT00014, GMNT00025, GMNT00029, GMT00027, GOR00151, GOVL00006, GOVL00022"
BSM-08,28,28,"GAFT00029, GBR00023, GBR00045, GBR00077, GBR00094, GBR00098, GBR00100, GBR00103, GBR00104, GBR00126, GBR00168, GBT00030, GCNT00003, GFTT00045, GFTT00051, GFTT00062, GFTT00064, GFTT00078, GFTT00080, GFTT00084"
BSM-07,28,28,"GBOX00006, GBR00023, GBR00045, GBR00077, GBR00090, GBR00094, GBR00100, GBR00103, GBR00104, GBR00122, GBR00126, GBR00144, GBR00168, GBT00095, GCTTM00003, GFTT00064, GLA00022, GLA00037, GMNT00006, GMNT00026"
SPG-02,28,28,"GAFT00027, GBR00014, GBR00039, GBR00082, GBT00009, GBT00051, GBTR00003, GCTTM00001, GCTTM00010, GDWG00027, GDWG00028, GDWG00030, GDWG00033, GDWG00034, GDWG00045, GFT00009, GFTT00082, GOR00147, GOR00148, GPS00005"
SPG-04,27,27,"GBR00014, GBR00039, GBR00087, GBR00153, GBT00009, GBT00051, GBT00118, GCHUCK00002, GCTTM00002, GCTTM00004, GDWG00027, GDWG00028, GDWG00030, GDWG00033, GDWG00034, GDWG00046, GFTT00082, GMT00014, GOR00080, GOR00147"
SBT-08,26,26,"GBR00019, GBR00098, GBR00150, GBR00183, GBT00018, GBT00041, GBTR00003, GCHUCK00004, GCNT00020, GFMT00019, GFMT00025, GMNT00003, GMT00004, GMT00024, GMT00051, GOR00040, GOR00077, GOVL00026, GPP00023, GRY00033"
BSM-12,26,26,"GBR00142, GCTTM00024, GFTT00049, GFTT00053, GFTT00054, GFTT00056, GFTT00062, GFTT00064, GFTT00078, GFTT00080, GFTT00084, GFTT00085, GFTT00088, GHC00004, GIVT00036, GLA00022, GMNT00002, GPS00002, GPS00012, GRY00058"
MLG-05,26,26,"GBR00017, GBR00091, GBR00100, GBR00103, GBR00109, GBR00110, GBR00137, GBR00168, GBR00208, GBR00236, GBR00293, GCNT00002, GCNT00008, GCNT00010, GCNT00020, GCTTM00024, GDWG00001, GDWG00002, GDWG00059, GFTT00139"
SBT-07,26,26,"GAFT00032, GBS00051, GBT00015, GBT00036, GBT00062, GBTR00003, GCNT00020, GFMT00010, GMT00004, GMT00024, GMT00052, GOR00079, GOVL00006, GOVL00016, GPP00033, GRY00033, GSLN00030, GSLN00031, GSLN00035, GSR00027"
BSM-05,26,26,"GBR00045, GBR00056, GBR00077, GBR00091, GBR00094, GBR00100, GBR00104, GBR00126, GBR00168, GBR00218, GBR00271, GBT00030, GBTR00001, GCNT00003, GFTT00053, GFTT00064, GFTT00149, GLA00022, GOVL00032, GPS00007"
SPG-06,26,26,"GBR00014, GBR00039, GBR00082, GBT00009, GBT00051, GBT00118, GCHUCK00002, GCTTM00001, GDWG00027, GDWG00028, GDWG00030, GDWG00033, GDWG00034, GFT00008, GFT00009, GMT00056, GOR00098, GOR00147, GOR00148, GPS00011"
BFD-26,25,25,"GBR00105, GBTR00001, GFT00018, GHC00003, GMNT00005, GMNT00012, GMNT00016, GMNT00029, GMT00073, GOR00041, GOR00075, GOR00076, GOR00077, GOR00095, GOR00136, GOVL00016, GOVL00022, GOVL00034, GPP00037, GPS00017"
BLK-07,25,25,"GBR00020, GBS00056, GCNT00021, GFMT00021, GFMT00023, GFTT00057, GFTT00159, GMNT00001, GMNT00027, GMNT00028, GMT00016, GMT00022, GPS00010, GPS00010-A, GRY00050, GSLN00057, GSR00017, GSR00045, GSR00073, GSR00078"
BFD-09,24,24,"GA00009, GA00010, GA00011, GA00012, GB00018, GBR00007, GBR00090, GBT00014, GCHUCK00008, GCNT00023, GCTTM00027, GFMT00005, GFTT00172, GMNT00001, GOVL00009, GPG00002, GPS00007, GRY00054, GSR00040, GSR00041"
MLG-03,24,24,"GBOX00006, GCNT00009, GDWG00059, GFTT00008, GFTT00056, GMNT00016, GOVL00002, GOVL00003, GOVL00004, GOVL00016, GOVL00024, GOVL00047, GOVL00049, GOVL00052, GRY00064, GSLN00015, GSLN00040, GSLN00087, GSLN00093, GSR00132"
BSM-LINE,24,24,"GBR00072, GBR00079, GBR00193, GFTT00073, GFTT00097, GGC00010, GGC00011, GHC00006, GMNT00053, GMT00064, GOR00075, GOVL00040, GOVL00050, GSCBIG00016, GSCBIG00017, GSCBIG00025, GSLN00041, GSLN00044, GSLN00056, GSR00023"
SPG-10,24,24,"GBR00014, GBR00039, GBR00087, GBR00153, GBR00174, GBR00175, GBR00190, GBT00042, GBT00051, GBTR00003, GCTTM00001, GDWG00045, GFTT00183, GOR00147, GOR00148, GPS00004, GPS00018, GRY00008, GRY00066, GSCBIG00013"
SPG-07,23,23,"GBR00014, GBR00039, GBR00082, GBR00087, GBR00153, GBR00174, GBR00175, GBS00018, GBT00051, GBTR00003, GDWG00027, GDWG00028, GDWG00030, GDWG00033, GDWG00034, GDWG00040, GOR00147, GOR00148, GSLN00078, GSR00008"
WSM-01,22,22,"GB00092, GBR00038, GBR00165, GBT00145, GBTR00006, GBTR00014, GBTR00019, GCHUCK00001, GFTT00057, GFTT00159, GLA00031, GMT00033-A, GMT00035, GMT00037, GMT00053, GMT00055, GRY00044, GSLN00067, GSLN00068, GSLN00069"
BFD-25,22,22,"GA00012, GBR00010, GMNT00001, GMNT00016, GMNT00027, GOVL00001, GOVL00002, GOVL00003, GOVL00016, GOVL00022, GOVL00026, GPS00001, GRY00014, GRY00040, GRY00050, GRY00051, GSLN00010, GSR00104, GSVA00027, GSW00015"
TNG-09,22,22,"GBR00018, GBR00019, GBR00044, GBR00123, GBR00187, GBR00202, GBS00016, GBS00017, GBT00071, GBTR00004, GOR00016, GOR00095, GOR00140, GPG00005, GPG00010, GPP00008, GPS00009, GSCBIG00017, GSLN00013, GSLN00047"
KWY-01,22,22,"GBR00018, GBS00049, GBS00061, GBT00012, GCHUCK00005, GFANUC00001, GFTT00072, GFTT00095, GFTT00098, GOR00070, GOR00090, GOR00128, GOVL00017, GSLN00046, GSLN00076, GSLN00101, GSR00066, GSR00079, GSR00198, GSW00013"
IGM-02,21,21,"GBR00006, GBS00019, GFMT00023, GFTT00014, GFTT00056, GFTT00063, GFTT00153, GMP00008, GOR00034, GOR00047, GOR00062, GOR00063, GPG00010, GSR00035, GSR00076, GSR00079, GSR00112, GSR00113, GSR00120, GSR00121"
BSM-11,21,21,"GBK00008, GBR00142, GCTTM00004, GFTT00008, GFTT00055, GFTT00056, GFTT00064, GFTT00077, GFTT00078, GFTT00099, GHC00001, GIVT00036, GLA00011, GLA00022, GOR00035, GPS00005, GRY00008, GSLN00076, GSR00111, GSVA00028"
TNG-11,21,21,"GBTR00011, GFMT00003, GFMT00004, GFMT00006, GFMT00021, GFMT00022, GFMT00024, GFMT00027, GMNT00005, GMNT00008, GMNT00028, GOVL00003, GPP00008, GRY00008, GRY00014, GRY00017, GRY00051, GRY00052, GRY00054, GSCBIG00022"
SBT-13,21,21,"GBR00233, GBT00015, GCHUCK00007, GFMT00004, GFTT00075, GOR00074, GOR00080, GOR00081, GOR00084, GOR00092, GOR00097, GOR00105, GOR00106, GOR00109, GOR00129, GRY00033, GSLN00030, GSLN00031, GSLN00035, GSLN00055"
CGM-10,21,21,"GAFT00028, GBR00128, GBT00011, GBT00125, GBTR00006, GFTT00094, GOR00029, GOR00139, GOR00141, GOR00142, GOR00143, GOR00144, GSR00012, GSR00028, GSR00057, GSR00062, GSR00065, GSR00066, GSR00079, GSR00082"
IDG-05,21,21,"GAFT00012, GBR00013, GBR00080, GBR00139, GBR00184, GBR00193, GCTTM00008, GCTTM00025, GCTTM00026, GDWG00011, GFTT00124, GPG00002, GRY00002, GRY00017, GRY00043, GSLN00004, GSR00073, GSW00015, GSW00016, GSW00023"
SPG-LINE,21,21,"GA00007, GBS00004, GBS00005, GBS00052, GBS00053, GCNT00008, GCNT00010, GCTTM00012, GCTTM00013, GCTTM00017, GGC00009, GMNT00039, GOR00104, GPLC00012, GPS00001, GRY00009, GRY00035, GSR00040, GSR00114, GSR00153"
BLK-02,20,20,"GBR00197, GBTR00010, GCTTM00021, GFMT00004, GFMT00006, GFUSE00016, GJON00060, GMT00008, GMT00044, GOR00025, GRY00004, GRY00016, GRY00017, GRY00052, GSR00042, GSR00051, GSR00078, GSR00117, GSR00144, GSW00066"
STN-04,19,19,"GBR00247, GCHUCK00006, GFANUC00005, GLA00022, GMNT00016, GMNT00024, GMNT00030, GOR00024, GOR00031, GOR00044, GOR00052, GOR00132, GOVL00016, GOVL00019, GPP00008, GPP00029, GSR00063, GSW00039, GVV00011"
PVD-01,19,19,"GAFT00003, GBK00008, GBOX00004, GBOX00007, GCTTM00007, GFTT00088, GHC00001, GHEAT00001, GOR00157, GPP00016, GRY00035, GRY00037, GSR00003, GSR00031, GSR00096, GSR00098, GSR00099, GVV00020, GVV00021"
CHK-02,19,19,"GBR00015, GBR00040, GBR00042, GBR00043, GBR00053, GBR00063, GBR00129, GBR00247, GFTT00010, GMNT00016, GMNT00029, GOR00069, GOR00079, GOR00104, GOVL00006, GOVL00016, GPP00030, GRY00052, GSR00104"
BFD-12,19,19,"GBR00010, GBR00031-A, GBR00034, GBR00036, GBR00140, GBS00030, GBS00056, GCHUCK00008, GCNT00023, GHC00004, GMNT00001, GMT00004, GPP00037, GRY00050, GSCBIG00016, GSR00002, GSR00030, GSR00104, GVV00012"
BSM-04,19,19,"GBR00045, GBR00077, GBR00094, GBR00100, GBR00103, GBR00104, GBR00109, GBR00126, GBR00168, GBR00271, GBT00030, GCOUP00017, GFTT00064, GFTT00085, GFTT00092, GFTT00093, GLA00022, GSLN00025, GSLN00029"
SPG-03,19,19,"GBR00014, GBR00039, GBT00009, GBT00051, GBTR00003, GCHUCK00002, GCNT00021, GCTTM00002, GDWG00027, GDWG00028, GDWG00030, GDWG00033, GDWG00034, GOR00147, GOR00148, GRY00014, GRY00057, GSW00047, GSW00048"
CTG-03,18,18,"GB00093, GBTR00016, GBTR00022, GDWG00017, GDWG00047-A, GDWG00047-B, GDWG00047-C, GDWG00047-D, GDWG00047-E, GDWG00047-F, GDWG00047-G, GDWG00047-H, GDWG00047-I, GFMT00023, GFTT00146, GSCBIG00026, GSW00007, GSW00050"
SBT-06,18,18,"GB00068, GBR00010, GBR00020, GBR00061, GBS00012, GBS00051, GFMT00003, GMT00001, GMT00008, GOR00062, GPS00007, GRY00006, GRY00008, GRY00051, GSR00039, GSR00040, GSR00049, GSW00045"
IDG-08,18,18,"GAFT00028, GAFT00029, GBR00008, GBR00166, GBR00170, GBR00193, GBR00217, GBTR00016, GFTT00026, GFTT00077, GHC00004, GMNT00032, GMT00033, GMT00050, GRY00017, GSR00078, GSR00082, GSVA00008"
TDR-01,18,18,"GCTTM00025, GCTTM00033, GCTTM00035, GCTTM00037, GCTTM00041, GMNT00006, GOR00163, GOVL00016, GOVL00018, GOVL00032, GPG00011, GPP00034, GRY00014, GRY00017, GRY00059, GRY00061, GRY00064, GSR00066"
CHK-01,18,18,"GBR00005, GBR00034, GBR00053, GBTR00001, GFMT00020, GFMT00024, GFMT00032, GFTT00029, GFTT00055, GFTT00058, GFTT00079, GFTT00094, GFTT00095, GMNT00005, GPS00010, GPS00010-A, GSR00104, GSR00172"
CGM-06,18,18,"GAFT00010, GBOX00006, GBR00059, GBR00082, GBR00221, GBT00096, GCTTM00001, GCTTM00010, GFTT00044, GFTT00051, GFTT00072, GFTT00075, GFTT00076, GFTT00082, GFTT00094, GFTT00095, GSW00047, GSW00048"
THB-07,18,18,"GBR00066, GBR00268, GBR00269, GBR00270, GBT00079, GMNT00019, GMNT00029, GOR00067, GOR00076, GOVL00038, GPS00006, GSLN00107, GSR00027, GSR00076, GSR00078, GSR00082, GSW00047, GSW00048"
BFD-16,18,18,"GBOX00004, GBR00090, GBR00160, GBR00287, GBS00008, GBT00014, GBT00045, GCNT00023, GFMT00007, GMNT00001, GMNT00003, GMT00027, GMT00042, GOR00046, GOR00058, GOVL00018, GSLN00001, GSR00061"
TRM-03,18,18,"GBK00018, GBR00005, GBR00247, GBT00005, GBT00129, GDWG00049, GFMT00003, GOR00028, GSW00023, GSW00028, GTRM00001, GTRM00002, GTRM00003, GTRM00004, GTRM00005, GTRM00006, GTRM00007, GTRM00008"
CHK-07,17,17,"GAFT00002, GB00018, GB00021, GB00028, GBT00046, GFMT00004, GFMT00027, GFTT00116, GLA00037, GMNT00007, GOVL00007, GPS00007, GRY00002, GRY00004, GRY00052, GSW00007, GSW00049"
IGM-03,17,17,"GBR00006, GBR00192, GBT00080, GFMT00019, GFMT00023, GMP00004, GMP00008, GOR00035, GPG00007, GSLN00022, GSLN00026, GSLN00034, GSLN00081, GSR00016, GSR00046, GSR00076, GSW00001"
IDG-06,17,17,"GBOX00006, GBR00013, GBR00025, GBR00030, GBT00029, GBTR00003, GCNT00026, GFTT00052, GIVT00009, GRY00017, GSLN00057, GSR00029, GSR00040, GSR00041, GSR00073, GSW00015, GSW00023"
BRL-03,17,17,"GBR00279, GCNT00002, GCNT00003, GCNT00009, GCTTM00026, GDWG00006, GDWG00007, GGC00001, GIVT00017, GPS00002, GRY00035, GRY00064, GSCBIG00019, GSCBIG00020, GSW00017, GTANK00001, GTANK00002"
BRL-11,17,17,"GBOX00007, GBR00052, GBR00240, GBR00267, GBT00133, GBT00134, GCTTM00025, GFTT00046, GFTT00051, GFTT00052, GFTT00073, GFTT00095, GFTT00149, GSW00007, GTANK00005, GTANK00006, GVV00008"
CGM-11,17,17,"GBOX00007, GBR00051, GBT00102, GCNT00021, GFTT00029, GMT00008, GSR00012, GSR00013, GSR00050, GSR00059, GSR00124, GSR00125, GSR00137, GSR00152, GSR00161, GSW00004, GSW00066"
IDG-01,17,17,"GBR00067, GBR00104, GBR00199, GBR00200, GBR00232, GBR00238, GBT00101, GBTR00006, GFTT00038, GMT00034, GSR00040, GSR00042, GSR00092, GSW00002, GSW00007, GSW00015, GSW00023"
PRS-01,17,17,"GBT00006, GCNT00020, GCTTM00024, GCTTM00027, GOVL00006, GRY00019, GRY00051, GRY00058, GSLN00032, GSR00083, GSR00115, GSR00121, GSR00122, GSR00157, GSW00004, GSW00024, GSW00079"
IDG-03,17,17,"GBR00008, GBR00013, GBR00060, GBR00184, GBR00200, GBT00029, GCTTM00025, GCTTM00026, GMT00018, GRY00017, GRY00043, GRY00064, GSR00134, GSW00016, GSW00023, GSW00049, GSW00050"
MPA-06,16,16,"GAFT00023, GB00023, GBR00111, GBS00033, GCNT00021, GCOUP00009, GMT00017, GOR00069, GOR00074, GOR00095, GOR00096, GSR00009, GSR00010, GSR00062, GSR00106, GSW00066"
IGM-04,16,16,"GBR00006, GBR00050, GBR00082, GBR00169, GBR00176, GDWG00013, GFTT00066, GFTT00074, GFTT00088, GMP00004, GMP00008, GMT00013, GRY00021, GSLN00019, GSR00079, GSW00001"
MPA-02,16,16,"GBR00054, GBR00056, GBR00058, GBS00033, GCOUP00009, GFMT00019, GMT00019, GOR00032, GOR00033, GOR00046, GPP00024, GRY00051, GSLN00084, GSLN00086, GSR00062, GSR00106"
RLP-04,16,16,"GAFT00025, GBR00073, GBS00046, GFMT00004, GFMT00027, GFTT00027, GMT00045, GOR00097, GPG00001, GPS00009, GSLN00033, GSLN00038, GSLN00057, GSLN00108, GSR00034, GSW00081"
TRM-07,16,16,"GCHUCK00006, GDWG00049, GOR00030, GOR00043, GOR00071, GSLN00021, GSR00063, GSW00001, GTRM00001, GTRM00002, GTRM00003, GTRM00004, GTRM00005, GTRM00006, GTRM00007, GTRM00008"
TRM-04,16,16,"GBR00005, GBR00247, GBT00129, GBT00130, GDWG00049, GFMT00003, GSW00023, GSW00028, GTRM00001, GTRM00002, GTRM00003, GTRM00004, GTRM00005, GTRM00006, GTRM00007, GTRM00008"
TNG-08,15,15,"GAFT00010, GBT00026, GBT00062, GBTR00014, GBTR00023, GCHUCK00008, GFMT00035, GFTT00049, GFTT00116, GSLN00027, GSR00007, GSR00073, GSR00079, GSR00082, GSVA00014"
RMH-12,15,15,"GBR00105, GBR00152, GBR00197, GBR00287, GFTT00148, GFTT00170, GIVT00020, GMT00021, GPLC00009, GPLC00010, GSLN00083, GSLN00085, GSR00005, GSR00191, GSR00199"
TNG-17,15,15,"GBR00018, GBR00019, GBR00041, GBR00098, GBR00157, GBR00160, GBS00016, GBS00017, GBTR00005, GFMT00006, GFTT00151, GOR00129, GPG00010, GPP00008, GSLN00034"
RMH-02,15,15,"GBR00077, GBT00081, GFTT00123, GMNT00001, GMNT00007, GMT00021, GOR00153, GOR00154, GOR00166, GPLC00009, GSLN00083, GSLN00085, GSR00005, GSR00191, GSR00199"
IDG-04,15,15,"GBR00013, GBR00060, GBR00193, GBR00200, GBR00232, GBT00029, GCTTM00025, GCTTM00026, GFTT00124, GOR00083, GRY00010, GRY00028, GRY00057, GSLN00004, GSW00039"
VSG-01,15,15,"GA00006, GBR00033, GBR00190, GBT00075, GCNT00008, GCNT00010, GCTTM00025, GCTTM00026, GFTT00182, GHC00012, GMT00014, GOVL00002, GPS00002, GRY00009, GSW00060"
BLK-06,15,15,"GBR00034, GBR00069, GCNT00020, GFTT00183, GMNT00008, GMT00004, GOR00146, GPS00010, GPS00010-A, GSLN00067, GSR00045, GSR00104, GSR00118, GSW00015, GSW00026"
TNG-12,15,15,"GBT00008, GFMT00019, GFMT00021, GMNT00027, GMNT00033, GPS00001, GRY00014, GRY00016, GSCBIG00024, GSCBIG00025, GSLN00075, GSR00041, GSW00001, GSW00002, GSW00012"
BFD-29,15,15,"GBOX00004, GCNT00002, GCNT00023, GMNT00005, GMT00016, GMT00073, GOR00068, GOR00095, GPS00010, GPS00010-A, GPS00017, GSR00095, GSR00104, GSR00164, GVV00011"
MPA-17,15,15,"GBTR00007, GCNT00008, GCNT00010, GFMT00003, GFMT00004, GFUSE00009, GMNT00009, GOR00064, GRY00055, GRY00064, GSR00102, GSR00168, GSW00007, GSW00052, GSW00082"
SBT-03,14,14,"GB00003, GBR00010, GFTT00063, GMT00001, GMT00008, GMT00042, GOR00078, GPG00009, GRY00002, GRY00017, GRY00064, GSR00040, GSR00079, GSR00197"
SPF-02,14,14,"GB00008, GBK00018, GBK00044, GBR00004, GBR00005, GBTR00010, GCVT00020, GCVT00021, GMT00053, GSR00041, GSR00081, GSR00082, GSW00047, GSW00048"
EGM-01,14,14,"GAFT00004, GAFT00019, GBR00039, GBT00076, GBTR00001, GCOUP00001, GFMT00023, GMP00006, GRY00016, GSLN00019, GSLN00047, GSR00076, GSR00113, GSR00146"
IDG-10,14,14,"GBR00161, GBR00206, GBR00232, GBR00237, GBR00238, GBT00020, GBT00105, GBTR00005, GBTR00006, GBTR00012, GHC00004, GSR00042, GSR00051, GSVA00008"
OGM-04,14,14,"GBR00204, GBR00205, GBT00080, GBTR00001, GFMT00019, GFTT00052, GFTT00075, GHC00002, GMNT00009, GRY00021, GRY00022, GRY00044, GSLN00101, GSVA00018"
SWG-06,14,14,"GOR00042, GOR00048, GOR00054, GOR00077, GOR00082, GOR00087, GOR00133, GOR00151, GPP00031, GSLN00060, GSLN00061, GSLN00080, GSLN00082, GSR00029"
THB-03,14,14,"GBR00020, GBR00066, GBT00062, GBT00084, GBTR00023, GFTT00137, GMNT00005, GMNT00012, GMNT00016, GOVL00016, GOVL00029, GPP00033, GSR00007, GSR00079"
CPT-04,14,14,"GBR00087, GBR00090, GBR00186, GBT00150, GFTT00086, GFTT00088, GFTT00148, GHC00004, GMNT00036, GOVL00013, GRY00064, GSCBIG00028, GSR00060, GSR00065"
MLG-06,14,14,"GBR00100, GBR00109, GBR00110, GBR00208, GBR00236, GBR00246, GBR00293, GCNT00009, GCTTM00024, GDWG00059, GFTT00174, GRY00051, GRY00058, GSW00079"
CWM-01,14,14,"GBOX00007, GHEAT00004, GHEAT00005, GMNT00029, GOR00088, GOVL00032, GOVL00041, GSLN00012, GSR00023, GSR00096, GSR00098, GSR00110, GSR00126, GSR00151"
IFT-01,14,14,"GBR00007, GBTR00023, GCOUP00014, GDWG00023, GMNT00028, GPLC00004, GRY00004, GRY00041, GSR00039, GSR00040, GSR00054, GSR00070, GSR00121, GSR00122"
OGM-05,14,14,"GBOX00007, GBR00006, GBR00046, GBR00204, GBR00205, GBR00252, GBS00020, GBT00080, GSLN00019, GSLN00047, GSLN00081, GSR00079, GSR00084, GSR00131"
IDG-07,14,14,"GBR00025, GBTR00003, GBTR00014, GCTTM00025, GMNT00005, GMT00002, GMT00010, GOR00044, GOR00056, GOR00083, GOVL00005, GRY00051, GSLN00092, GSR00111"
RLS-03,14,14,"GBR00012, GBR00055, GBTR00012, GDWG00010, GPLC00004, GPS00007, GRY00005, GRY00008, GSLN00022, GSLN00054, GSR00115, GSR00118, GSW00083, GVV00018"
TRM-05,14,14,"GCNT00008, GCNT00010, GDWG00049, GFMT00002, GLA00019, GSW00015, GTRM00001, GTRM00002, GTRM00003, GTRM00004, GTRM00005, GTRM00006, GTRM00007, GTRM00008"
OGM-01,14,14,"GBR00118, GBR00204, GBR00205, GBR00252, GBS00020, GBT00060, GBT00080, GDWG00039, GMNT00001, GMT00032, GRY00016, GSCBIG00017, GSLN00019, GSLN00022"
SBT-05,13,13,"GB00003, GBS00051, GCTTM00025, GMT00001, GOR00046, GPS00007, GRY00004, GRY00008, GRY00058, GSLN00030, GSW00001, GSW00002, GSW00054"
MPA-08,13,13,"GAFT00023, GB00023, GBS00033, GFT00004, GFTT00063, GOVL00012, GSLN00004, GSLN00017, GSLN00084, GSLN00086, GSR00041, GSR00142, GSW00090"
SBT-04,13,13,"GB00028, GFMT00004, GFUSE00009, GMNT00028, GOR00016, GOR00030, GOR00040, GOVL00045, GRY00002, GSLN00030, GSR00039, GSR00049, GSW00001"
CHK-13,13,13,"GB00028, GBR00018, GBR00090, GBR00160, GBS00008, GBS00009, GFTT00167, GMNT00026, GOR00016, GSCBIG00017, GSR00060, GSR00123, GSW00011"
STN-05,13,13,"GBR00123, GBR00230, GBS00058, GBTR00010, GLA00022, GMNT00018, GMNT00031, GOVL00024, GOVL00045, GPP00029, GSLN00036, GSW00024, GSW00078"
HTM-07,13,13,"GFTT00029, GFTT00031, GFTT00095, GFTT00112, GSCBIG00022, GSCBIG00031, GSLN00024, GSLN00033, GSR00014, GSR00054, GSR00078, GSR00112, GSR00121"
OGM-02,13,13,"GAFT00004, GBR00006, GBR00204, GBR00205, GBT00080, GDWG00018, GFTT00051, GPG00005, GRY00016, GSLN00019, GSLN00047, GSLN00081, GSR00121"
MPA-07,13,13,"GAFT00026, GBS00024, GBS00032, GFANUC00002, GFMT00019, GFTT00077, GOVL00003, GOVL00007, GSLN00017, GSLN00086, GSR00009, GSR00011, GSW00041"
BFD-10,13,13,"GAFT00015, GBR00031-A, GFMT00016, GFT00006, GMNT00001, GMNT00002, GMT00016, GRY00050, GSLN00096, GSR00040, GSR00041, GSR00104, GVV00011"
THB-LINE,13,13,"GBR00153, GCTTM00031, GHC00001, GHC00005, GHC00008, GMT00024, GRY00041, GRY00053, GSR00046, GSR00109, GSW00079, GVV00018, GVV00019"
IDG-02,13,13,"GBR00087, GBR00193, GBR00199, GBR00200, GBR00218, GBR00232, GBR00238, GBT00020, GBTR00005, GBTR00006, GBTR00014, GPG00021, GRY00028"
TRM-02,13,13,"GBR00005, GBR00247, GBT00005, GDWG00049, GFMT00003, GTRM00001, GTRM00002, GTRM00003, GTRM00004, GTRM00005, GTRM00006, GTRM00007, GTRM00008"
TRM-06,13,13,"GBR00005, GBR00247, GBT00005, GDWG00049, GFMT00003, GTRM00001, GTRM00002, GTRM00003, GTRM00004, GTRM00005, GTRM00006, GTRM00007, GTRM00008"
TRM-09,13,13,"GBT00023, GDWG00049, GFMT00003, GFMT00018, GSW00066, GTRM00001, GTRM00002, GTRM00003, GTRM00004, GTRM00005, GTRM00006, GTRM00007, GTRM00008"
TRM-08,12,12,"GCHUCK00006, GDWG00049, GIVT00020, GOR00071, GTRM00001, GTRM00002, GTRM00003, GTRM00004, GTRM00005, GTRM00006, GTRM00007, GTRM00008"
OGM-03,12,12,"GBR00006, GBR00192, GBR00204, GBR00205, GBT00080, GFMT00019, GIVT00031, GIVT00032, GMNT00029, GRY00056, GSLN00019, GSLN00047"
CTG-02,12,12,"GBR00009, GBR00074, GBR00186, GBT00079, GBT00085, GBT00100, GBT00126, GOR00077, GOR00079, GPP00003, GSW00031, GSW00083"
TDR-05,12,12,"GBR00091, GCTTM00041, GFTT00119, GLA00024, GLA00027, GOR00027, GOR00028, GOR00078, GPG00010, GPG00011, GPP00018, GSW00079"
BFD-32,12,12,"GA00012, GBOX00004, GFTT00078, GMT00073, GOR00068, GOR00091, GOR00095, GPS00016, GPS00017, GRY00055, GSR00104, GSW00086"
MPA-LINE,12,12,"GAFT00022, GBOX00003, GCTTM00026, GHC00001, GHC00002, GHC00008, GMT00002, GOR00038, GOR00120, GRY00009, GSCBIG00013, GSW00083"
RMH-07,12,12,"GAFT00028, GBR00048, GBTR00003, GCNT00026, GHC00001, GHC00004, GOR00039, GOR00061, GRY00002, GRY00052, GRY00054, GVV00003"
TNG-16,12,12,"GBR00018, GBR00157, GBR00160, GBR00202, GBS00016, GBS00017, GBT00071, GBTR00004, GPG00007, GPG00010, GSCBIG00023, GSLN00013"
TRM-10,12,12,"GDWG00049, GFMT00002, GFMT00027, GLA00019, GTRM00001, GTRM00002, GTRM00003, GTRM00004, GTRM00005, GTRM00006, GTRM00007, GTRM00008"
TRM-01,12,12,"GBT00005, GDWG00049, GFMT00003, GSLN00021, GTRM00001, GTRM00002, GTRM00003, GTRM00004, GTRM00005, GTRM00006, GTRM00007, GTRM00008"
RLP-02,11,11,"GB00107, GB00108, GBTR00001, GBTR00013, GCNT00021, GMNT00027, GOVL00004, GRY00009, GRY00051, GSR00065, GSR00066"
RLS-05,11,11,"GBOX00007, GBR00047, GBR00049, GCNT00002, GCNT00023, GIVT00015, GIVT00021, GPLC00010, GRY00054, GSLN00032, GSR00177"
TNG-06,11,11,"GBR00087, GBT00026, GBT00062, GBTR00005, GBTR00014, GCNT00001, GFTT00024, GFTT00116, GSR00007, GSR00082, GVV00011"
SPG-14,11,11,"GBR00067, GBT00042, GBT00118, GBTR00014, GCNT00026, GCOUP00015, GFTT00052, GFTT00075, GSR00138, GSR00145, GSR00178"
KWY-02,11,11,"GBR00018, GCHUCK00005, GFANUC00001, GFTT00053, GFTT00078, GOR00070, GOR00090, GOR00128, GOVL00021, GSLN00101, GSR00198"
MPA-03,11,11,"GAFT00004, GBR00257, GBS00024, GCOUP00009, GFANUC00002, GFTT00064, GOVL00012, GSLN00004, GSR00106, GSR00107, GVV00019"
CHK-05,11,11,"GBR00034, GBR00236, GBS00057, GFMT00007, GFMT00027, GFTT00116, GMT00016, GMT00022, GOR00095, GOVL00048, GSR00104"
THB-04,11,11,"GBR00066, GBT00062, GBTR00023, GFTT00137, GMNT00005, GOR00034, GOVL00013, GOVL00014, GOVL00029, GSR00007, GSR00078"
THB-05,11,11,"GBK00007, GBR00066, GBTR00023, GSLN00028, GSR00017, GSR00027, GSR00054, GSW00047, GSW00048, GSW00052, GSW00077"
STN-06,11,11,"GAFT00027, GBTR00010, GCHUCK00006, GCNT00024, GLA00022, GOVL00017, GPS00002, GRY00051, GSLN00036, GSW00004, GSW00054"
THB-09,10,10,"GBR00066, GBT00062, GBT00084, GBT00112, GBTR00001, GCTTM00005, GFT00006, GOVL00005, GSR00007, GSR00079"
CWM-03,10,10,"GAFT00009, GHEAT00004, GHEAT00005, GMNT00005, GMNT00029, GOR00091, GOVL00045, GRY00036, GSR00023, GSR00110"
VSG-03,10,10,"GBR00114, GBR00153, GBT00007, GCTTM00021, GMNT00015, GMNT00032, GOVL00050, GPS00002, GSR00051, GSW00026"
IDG-09,10,10,"GBR00008, GBR00237, GBTR00006, GBTR00014, GPG00002, GSR00073, GSR00078, GSR00079, GSR00082, GSR00154"
RLP-03,10,10,"GBR00146, GCNT00002, GCOUP00008, GFMT00003, GFMT00027, GMNT00027, GMT00005, GMT00011, GMT00041, GSLN00057"
CPT-01,9,9,"GBR00111, GPP00038, GRY00037, GRY00055, GSLN00032, GSR00046, GSR00049, GSR00052, GSR00063"
SBT-17,9,9,"GCTTM00005, GFMT00002, GFMT00003, GFMT00027, GFTT00067, GRY00010, GSLN00055, GSR00113, GSR00118"
PVD-02,9,9,"GFTT00088, GHC00001, GHEAT00001, GRY00035, GRY00037, GRY00064, GSR00031, GSR00099, GVV00021"
RLP-11,9,9,"GAFT00025, GOR00099, GOR00101, GOR00102, GOR00103, GPG00002, GSLN00012, GSR00008, GSR00065"
TNG-03,9,9,"GBOX00007, GBT00058, GBT00101, GCHUCK00008, GCTTM00003, GRY00002, GSLN00004, GSLN00007, GSR00060"
CTG-01,9,9,"GBR00186, GBR00219, GBT00090, GCTTM00001, GSCBIG00032, GSR00062, GSW00015, GSW00031, GSW00083"
RMH-03,9,9,"GBR00197, GBR00198, GBR00218, GBR00276, GMNT00017, GMT00058, GOR00087, GOVL00043, GSR00199"
BRL-10,9,9,"GBOX00004, GBR00089, GBR00117, GCTTM00024, GCTTM00035, GCTTM00037, GRY00052, GRY00061, GSCBIG00017"
EGM-03,8,8,"GBR00039, GBR00193, GBT00107, GFMT00004, GFMT00019, GFT00004, GMP00006, GSLN00019"
EGM-04,8,8,"GBT00076, GBT00107, GFTT00100, GMP00006, GRY00016, GRY00064, GSLN00047, GSR00146"
IDT-04,8,8,"GB00035, GBS00056, GFMT00021, GMNT00002, GRY00056, GSLN00018, GSR00082, GVV00019"
BFD-23,8,8,"GHC00002, GMNT00001, GMNT00003, GOVL00008, GOVL00022, GPP00008, GSR00104, GVV00019"
BRL-15,8,8,"GBR00061, GBR00157, GBR00291, GBT00083, GSCBIG00018, GSR00063, GTANK00010, GTANK00011"
HTM-06,8,8,"GBOX00004, GBR00119, GCNT00023, GFTT00014, GFTT00054, GFTT00057, GFTT00182, GRY00016"
MPI-01,8,8,"GBR00082, GBR00219, GFMT00006, GFMT00009, GFTT00040, GRY00014, GSR00065, GSW00041"
BFD-31,8,8,"GFT00016, GFTT00066, GMT00073, GOR00011, GOR00048, GOR00068, GOR00095, GSR00104"
MPA-20,8,8,"GFT00001-A, GFT00012, GFT00014, GFTT00125, GOR00001, GOR00012, GSR00172, GSW00042"
RMH-16,8,8,"GFTT00167, GOR00131, GOR00155, GOR00156, GOR00157, GOVL00004, GRY00014, GSR00199"
BLK-05,8,8,"GFMT00023, GMNT00001, GMNT00003, GOR00146, GOVL00026, GSLN00018, GSR00041, GSR00104"
RLP-06,8,8,"GBR00160, GBR00171, GBS00046, GOR00026, GOR00027, GSLN00033, GSR00052, GSW00081"
BFD-28,8,8,"GMT00073, GOR00068, GOR00095, GPS00010, GPS00010-A, GPS00017, GSR00095, GSR00104"
IDG-LINE,8,8,"GBR00120, GBR00204, GCTTM00010, GFT00007, GMT00030, GMT00032, GMT00049, GSR00121"
TRM-LINE,8,8,"GHC00006, GRY00009, GRY00051, GRY00064, GSR00134, GSW00009, GSW00010, GTFM00013"
TDR-04,8,8,"GBR00005, GBR00172, GFMT00002, GHC00012, GMNT00010, GRY00015, GRY00016, GSR00146"
SBT-16,8,8,"GBR00268, GBR00269, GBR00270, GBTR00001, GBTR00003, GSLN00030, GSLN00035, GSR00172"
CHK-06,8,8,"GBR00087, GBR00090, GBT00018, GBTR00007, GFMT00005, GRY00004, GRY00008, GSW00078"
RLP-09,8,8,"GBR00160, GBS00046, GFMT00025, GFT00005, GOR00016, GOR00029, GPG00010, GSLN00057"
STN-01,8,8,"GFANUC00005, GHC00001, GMNT00003, GMNT00005, GOVL00016, GOVL00032, GSLN00024, GSW00039"
RLP-01,7,7,"GB00107, GB00108, GBTR00011, GMT00004, GMT00041, GSR00066, GSW00062"
CHK-11,7,7,"GBR00030, GBR00217, GFTT00055, GPP00012, GRY00050, GSR00104, GSW00044"
CHK-14,7,7,"GPP00022, GPS00010, GPS00010-A, GRY00016, GRY00055, GSCBIG00015, GSR00047"
BFD-24,7,7,"GBR00031-A, GMNT00026, GOVL00026, GRY00050, GSR00047, GSR00104, GVV00012"
CTG-07,7,7,"GBR00153, GBR00186, GCTTM00001, GMNT00023, GOR00076, GPG00010, GSR00063"
TNG-01,7,7,"GFMT00024, GFUSE00016, GPG00010, GSR00063, GSR00105, GSR00165, GSW00083"
OGM-LINE,7,7,"GAFT00024, GBR00032, GCNT00010, GOR00023, GOVL00042, GPS00002, GSR00071"
CHK-04,7,7,"GBR00034, GBR00091, GBR00093, GBS00057, GSCBIG00016, GSR00075, GSR00104"
SBT-10,7,7,"GBR00173, GBS00003, GBS00048, GBT00062, GBT00084, GSLN00030, GSR00081"
BLK-04,7,7,"GFMT00029, GMNT00007, GMNT00029, GPS00001, GRY00051, GRY00064, GSR00104"
SWG-05,7,7,"GPG00008, GRY00002, GRY00016, GSCBIG00022, GSCBIG00047, GSLN00021, GSR00133"
TNG-04,7,7,"GBOX00006, GBR00197, GBT00058, GBT00081, GBTR00007, GCHUCK00008, GRY00008"
CGM-03,7,7,"GBR00030, GBR00177_C, GBR00178, GBT00096, GGC00003, GGC00004, GMT00006"
FRL-02,7,7,"GBR00078, GBR00113, GBR00222, GBR00235, GLA00018, GMT00063, GRY00046"
IDT-02,6,6,"GB00035, GBR00280, GOR00070, GRY00051, GSLN00018, GSW00002"
SPF-03,6,6,"GBTR00016, GMT00046, GSR00187, GSVA00001-B, GSW00004, GSW00064"
FRL-01,6,6,"GBR00022, GBR00113, GRY00009, GSR00112, GSR00163, GSVA00024"
MPA-14,6,6,"GFTT00146, GFTT00147, GPP00022, GPP00025, GSR00041, GSR00159"
BRL-16,6,6,"GRY00014, GRY00052, GSLN00043, GSW00007, GTANK00003, GTANK00004"
BRL-08,6,6,"GBR00091, GBT00005, GBT00110, GBT00137, GTANK00010, GTANK00011"
CGM-09,6,6,"GFTT00052, GSW00004, GSW00007, GSW00008, GSW00013, GSW00029"
RLP-08,6,6,"GBR00071, GBR00096, GFMT00021, GFTT00082, GLA00022, GPS00004"
THB-12,6,6,"GBS00002, GFTT00137, GOR00067, GSLN00028, GSR00027, GSR00162"
CHK-12,6,6,"GBR00010, GBR00087, GFTT00148, GMNT00001, GRY00050, GSR00104"
SBT-11,6,6,"GBT00062, GBT00084, GSLN00027, GSLN00035, GSR00017, GSR00081"
THB-08,6,6,"GBR00066, GBT00079, GBTR00003, GRY00010, GSLN00028, GSR00024"
CHK-03,6,6,"GBR00093, GBR00236, GBS00057, GMT00022, GPG00007, GSR00104"
PAK-01,6,6,"GPAK00017, GPAK00018, GPAK00053, GPAK00054, GSR00127, GSR00128"
RLP-07,6,6,"GCTTM00005, GOVL00029, GPS00009, GPS00016, GSCBIG00023, GSR00140"
THB-06,6,6,"GBR00066, GBT00079, GOR00067, GOR00079, GSLN00107, GSR00162"
CPT-LINE,6,6,"GCNT00001, GCTTM00024, GMNT00052, GOR00037, GPG00008, GSW00019"
RLP-LINE,6,6,"GAFT00034, GBR00011, GBR00084, GBT00151, GFMT00020, GFMT00024"
BRL-LINE,6,6,"GOR00069, GPS00001, GPS00005, GRY00064, GSW00041, GSW00066"
SWG-01,6,6,"GCTTM00041, GOR00093, GRY00002, GRY00035, GRY00064, GSW00050"
RLP-13,5,5,"GB00107, GB00108, GBT00038, GFANUC00003, GFUSE00016"
STN-02,5,5,"GB00049, GCHUCK00006, GFTT00005, GMNT00029, GSW00039"
SGM-02,5,5,"GBR00039, GBR00125, GFTT00112, GIVT00033, GLA00015"
BRL-02,5,5,"GCNT00004, GCTTM00026, GPP00008, GSCBIG00043, GVV00006"
TDR-02,5,5,"GCTTM00035, GCTTM00041, GOR00005, GOR00163, GPP00034"
BRL-06,5,5,"GBT00065, GCTTM00026, GSCBIG00027, GTANK00007, GTANK00008"
DFB-02,5,5,"GFTT00005, GFTT00027, GFTT00030, GPS00014, GVV00010"
SWG-03,5,5,"GFTT00014, GMT00012, GSCBIG00047, GSR00001, GSR00029"
MPA-13,5,5,"GBT00150, GFTT00116, GOVL00026, GSR00039, GSR00065"
SPF-01,5,5,"GBK00019, GLA00041, GRY00005, GSR00081, GSW00016"
CHK-10,5,5,"GBR00018, GBS00013, GOR00016, GOR00123, GSR00104"
BLK-01,5,5,"GCHUCK00008, GFMT00019, GMNT00001, GSR00104, GSW00058"
RLP-12,5,5,"GBTR00001, GCTTM00005, GRY00033, GRY00051, GSLN00015"
IDG-11,5,5,"GBTR00006, GBTR00014, GHC00004, GLA00010, GMNT00032"
TRM-NEW,5,5,"GCNT00002, GRY00016, GRY00054, GRY00064, GSW00012"
RMH-10,5,5,"GFMT00009, GFUSE00005, GPG00007, GPS00005, GSW00012"
CGM-13,5,5,"GBR00020, GBR00051, GOR00003, GSW00015, GVV00011"
MPA-09,4,4,"GBK00053, GBR00192, GPP00032, GSVA00013"
MPA-15,4,4,"GCNT00027, GMNT00013, GPP00032, GSLN00077"
BRL-09,4,4,"GCTTM00026, GSW00007, GTANK00007, GTANK00008"
BRL-12,4,4,"GBR00282, GBR00292, GSCBIG00029, GTANK00009"
BRL-14,4,4,"GCNT00026, GSW00019, GTANK00010, GTANK00011"
SBT-18,4,4,"GCNT00002, GFTT00051, GLA00018, GSCBIG00018"
SGM-03,4,4,"GFTT00077, GLA00015, GPS00002, GSLN00041"
MPA-10,4,4,"GCTTM00021, GFTT00112, GSLN00048, GSW00036"
SGM-01,4,4,"GOR00034, GOR00091, GOR00111, GSR00003"
SWG-02,4,4,"GRY00002, GSCBIG00047, GSR00069, GSR00138"
RSM-01,4,4,"GBOX00007, GSLN00041, GSR00073, GSR00113"
IDG-12,4,4,"GLA00010, GSCBIG00016, GSR00078, GSR00154"
CGM-12,4,4,"GBT00011, GBT00125, GOR00165, GSR00145"
RMH-13,4,4,"GBR00287, GFMT00020, GSR00167, GSR00199"
RMH-15,4,4,"GCNT00020, GSR00199, GSW00029, GVV00007"
SBM-01,4,4,"GBOX00007, GDWG00050, GDWG00053, GSCBIG00017"
SPG-11,4,4,"GBR00067, GBR00075, GBTR00006, GBTR00014"
MPA-19,4,4,"GFT00001-A, GFT00012, GFT00014, GOR00161"
FPI-01,4,4,"GBR00203, GCTTM00007, GFMT00006, GLA00021"
OVN-06,4,4,"GCTTM00007, GPS00002, GSW00006, GSW00026"
OVN-10,4,4,"GCTTM00007, GPS00002, GSW00006, GSW00026"
RMH-11,4,4,"GCTTM00007, GOR00162, GPS00008, GSLN00011"
CWM-04,4,4,"GAFT00004, GAFT00009, GOR00114, GOR00122"
CGM-05,4,4,"GBR00177_C, GBR00178, GGC00021, GHC00006"
SBT-20,4,4,"GMT00004, GMT00024, GOR00005, GSLN00027"
SGM-04,3,3,"GHC00004, GIVT00034, GLA00015"
BRL-05,3,3,"GCTTM00026, GTANK00010, GTANK00011"
BRL-17,3,3,"GRY00057, GTANK00012, GTANK00013"
WSM-02,3,3,"GFTT00056, GFTT00057, GFTT00100"
TEF-01,3,3,"GFTT00073, GSR00046, GSR00054"
CWM-02,3,3,"GBT00025, GFTT00074, GHEAT00006"
APC-04,3,3,"GFTT00078, GSR00053, GSR00177"
MPA-18,3,3,"GBTR00005, GFTT00112, GSLN00032"
SBM-04,3,3,"GDWG00050, GDWG00053, GFTT00134"
THB-10,3,3,"GFMT00019, GFMT00023, GFTT00137"
CHK-LINE,3,3,"GFTT00166, GFTT00168, GFTT00169"
SBM-02,3,3,"GDWG00050, GDWG00053, GSR00017"
SPG-16,3,3,"GBR00067, GBT00051, GSR00021"
IDT-01,3,3,"GBTR00003, GBTR00006, GPS00010"
RLP-10,3,3,"GFMT00003, GFMT00027, GPG00005"
RPC-01,3,3,"GPLC00008, GPLC00014, GPLC00015"
RPC-02,3,3,"GPLC00008, GPLC00014, GPLC00015"
SBT-14,3,3,"GBR00260, GBR00261, GPS00009"
PVD-LINE,3,3,"GAFT00040, GMNT00032, GOVL00020"
CGM-LINE,3,3,"GCTTM00003, GHC00002, GHC00005"
BFD,3,3,"GDWG00009, GDWG00015, GDWG00054"
MPA,3,3,"GDWG00014, GDWG00026, GDWG00041"
MKM-04,2,2,"GB00099, GSW00106"
BRL-13,2,2,"GOVL00024, GPP00019"
ALLRODEND,2,2,"GLABIG00001, GLABIG00002"
DFB-01,2,2,"GFTT00030, GHC00006"
CUR-01,2,2,"GFTT00047, GFTT00131"
WCM-01,2,2,"GAFT00022, GFTT00061"
THB-16,2,2,"GFTT00137, GSW00037"
SBT-01,2,2,"GMT00052, GSR00039"
IGM-LINE,2,2,"GSR00041, GSR00084"
BLK-11,2,2,"GSR00047, GSR00104"
SWG-07,2,2,"GSCBIG00024, GSR00065"
VCM-01,2,2,"GSR00091, GSR00114"
RLS-02,2,2,"GBR00130, GSR00101"
BFD-34,2,2,"GMT00073, GSR00104"
BLK-10,2,2,"GCNT00002, GSR00104"
PRS-03,2,2,"GRY00005, GSR00115"
VSM-01,2,2,"GBR00076, GSR00118"
MPA-16,2,2,"GRY00050, GSR00172"
BLK-LINE,2,2,"GBOX00004, GHC00007"
OGM-06,2,2,"GBTR00001, GFMT00023"
CTG-08,2,2,"GFMT00004, GFMT00027"
PJT-04,2,2,"GFMT00020, GFMT00024"
APC-03,2,2,"GAFT00011, GPS00001"
SWG-04,2,2,"GPS00001, GRY00054"
TNG-11L,2,2,"GBS00055, GPS00006"
IDT-LINE,2,2,"GBR00108, GHC00002"
TRQ-01,2,2,"GSW00010, GSW00011"
PJT-03,2,2,"GSW00024, GSW00041"
RMH-01,2,2,"GCTTM00007, GRY00008"
VSG-02,2,2,"GCTTM00024, GCTTM00025"
TDR-03,2,2,"GCTTM00025, GRY00064"
OVN-04,2,2,"GCTTM00026, GMT00047"
TPG-03,2,2,"GBT00120, GRY00015"
RLS-06,2,2,"GRY00016, GRY00064"
RLP-05,2,2,"GBR00160, GBS00046"
CWM-08,2,2,"GBR00020, GBR00075"
VMS-01,2,2,"GBR00219, GBT00149"
HTM-LINE,2,2,"GBK00027, GOR00083"
RLP03B,2,2,"GDWG00042, GDWG00043"
BFD-9,1,1,GB00018
IDT04B,1,1,GPP00018
IDT02B,1,1,GPP00037
RPC-06,1,1,GFTT00053
BFD-127,1,1,GFTT00055
BFG-LINE,1,1,GFTT00056
RLS-NEW,1,1,GFTT00060
THM-07,1,1,GFTT00074
SBM-LINE,1,1,GFTT00092
BSM-12CGM-07,1,1,GFTT00099
MDM,1,1,GFTT00113
T/N,1,1,GFTT00152
MLG-LINE,1,1,GSR00060
CTG-04,1,1,GSR00066
BLK-09,1,1,GSR00104
TNG-07,1,1,GSR00155
EGM-LINE,1,1,GSR00166
STE,1,1,GSR00171
TNG-05,1,1,GBOX00006
OVN-LINE,1,1,GBOX00007
EGM-06,1,1,GBTR00001
VSG-LINE,1,1,GBTR00003
UGM-01,1,1,GBTR00004
BTM-02,1,1,GBTR00005
PRS-02,1,1,GBTR00005
BSM-25,1,1,GCNT00020
CGM-14,1,1,GFT00010
RNM-02,1,1,GFMT00004
IDT-05,1,1,GPS00017
TRQ-04,1,1,GCOUP00016
RLP-17,1,1,GCOUP00018
TTM-01,1,1,GA00011
CPT-NEW,1,1,GSCBIG00017
TOOLING,1,1,GSCBIG00018
BFG-01,1,1,GHC00005
OVN-02,1,1,GHC00008
DMG-04,1,1,GSW00022
PJT-02,1,1,GSW00041
FJT-01,1,1,GSW00042
OGM-08,1,1,GSW00044
PJT-05,1,1,GSW00060
MKM-01,1,1,GSW00079
BRL,1,1,GVV00005
MPA-25,1,1,GVV00016
RLS-LINE,1,1,GSLN00008
FOC-01,1,1,GSLN00026
APC-01,1,1,GSLN00029
SGM-LINE,1,1,GSLN00057
PST-01,1,1,GMNT00007
BLK-12,1,1,GMNT00027
TEF-LINE,1,1,GOVL00010
CWM-06,1,1,GPG00005
RMH-08,1,1,GPG00025
OVN-07,1,1,GCTTM00026
OVN-08,1,1,GCTTM00026
OVN-09,1,1,GCTTM00026
OVN-11BSM-10,1,1,GCTTM00026
DMG-05,1,1,GCTTM00027
TRQ-02,1,1,GCTTM00031
RMH-09,1,1,GRY00054
BRL-1,1,1,GRY00058
BRL-NEW,1,1,GRY00066
TRQ-03,1,1,GBR00026
BODY-LINE,1,1,GBR00090
BSM-05.BSM-06,1,1,GBR00103
BFD-1516,1,1,GBR00207
BALL-LINE,1,1,GBR00245
BSM11B,1,1,GBK00012
BSM12B,1,1,GBK00012
CNT-02,1,1,GBK00031
SGM-05,1,1,GLA00015
SBM-07,1,1,GLA00024
BEN-01,1,1,GLA00027
BFD-BUFF,1,1,GLA00027
MKM-LINE,1,1,GLA00031
BFG-NEW,1,1,GLA00041
BFG-04,1,1,GLA00044
SPG-18,1,1,GMT00014
HTN-07,1,1,GMT00014
TRQ-LINE,1,1,GMT00015
BFD-35,1,1,GMT00073
DFB-03,1,1,GHEAT00002
CGM-10RLP-09,1,1,GOR00028
RLP-16,1,1,GOR00096
THG-09,1,1,GOR00096
CGM-02,1,1,GOR00111
RLS,1,1,GDWG00005
SPG,1,1,GDWG00016
PVD,1,1,GDWG00024
HSG-01,1,1,GBT00029
TNG-3,1,1,GBT00081
EGM-1,1,1,GBT00107
PRS-05,1,1,GBT00140
MPA-22,1,1,GBT00150
